<?xml version="1.0" encoding="UTF-8"?>
<beans xmlns="http://www.springframework.org/schema/beans"
xmlns:xsi="http://www.w3.org/2001/XMLSchema-instance"
xmlns:context="http://www.springframework.org/schema/context"
xmlns:p="http://www.springframework.org/schema/p"
xmlns:mvc="http://www.springframework.org/schema/mvc"
xmlns:tx="http://www.springframework.org/schema/tx"
xsi:schemaLocation="http://www.springframework.org/schema/beans
http://www.springframework.org/schema/beans/spring-beans.xsd
http://www.springframework.org/schema/tx
http://www.springframework.org/schema/tx/spring-tx.xsd
http://www.springframework.org/schema/context
http://www.springframework.org/schema/context/spring-context.xsd
http://www.springframework.org/schema/mvc
http://www.springframework.org/schema/mvc/spring-mvc.xsd"
>

<tx:annotation-driven />

<context:component-scan base-package="xpressbees.sql"></context:component-scan>
<bean class="org.springframework.web.servlet.view.InternalResourceViewResolver"
 name="viewResolver">

<property name="prefix" value="/WEB-INF/views/"/>
<property name="suffix" value=".jsp"/>
</bean>

<bean
class = "org.springframework.jdbc.datasource.DriverManagerDataSource"
name = "ds">

<property name="driverClassName" value ="org.postgresql.Driver"/>
        <property name="url" value = "jdbc:postgresql://localhost:5432/postgres"/>
        <property name="username" value = "postgres"/>
        <property name="password" value = "workvani@123"/>
</bean>

<bean name = "multipartResolver" class = "org.springframework.web.multipart.commons.CommonsMultipartResolver"/>



<bean
class = "org.springframework.orm.hibernate5.LocalSessionFactoryBean"
name = "factory">
<property name = "dataSource" ref = "ds"></property>
<property name = "hibernateProperties">
<props>
<prop key = "hibernate.dialect1">org.hibernate.dialect.PostgreSQLDialect</prop>
<prop key = "hibernate.dialect2">org.hibernate.dialect.MySQLDialect</prop>
<prop key = "hibernate.dialect3">org.hibernate.dialect.SQLServerDialect</prop>
<prop key = "show_sql">true</prop>
<prop key ="hibernate.hbm2ddl.auto">update</prop>
</props>
</property>


<property name = "annotatedClasses">
<list>
<value>
xpressbees.sql.model.Client

</value>
<value>
xpressbees.sql.model.databaseDetails
</value>

<value>
xpressbees.sql.model.MyDataSourceFactory
</value>

</list>

</property>


</bean>

  




<bean
class = "org.springframework.orm.hibernate5.HibernateTemplate"
name = "hibernateTemplate">
<property name = "sessionFactory" ref = "factory"></property>
</bean>


<bean
class = "org.springframework.orm.hibernate5.HibernateTransactionManager"
name = "transactionManager">
<property name = "sessionFactory" ref = "factory"></property>
</bean>



</beans>
